TIMESTAMP,NAME,DOWNLOADS,RATING,REVIEWS,FIVE_STARS,FOUR_STARS,THREE_STARS,TWO_STARS,ONE_STARS
2019-05-16T20:00,Power VPN Free VPN,1000000,4.497823161560991,63165,50116,4498,2996,990,4565
2019-05-17T20:00,Power VPN Free VPN,1000000,4.497927608681896,63212,50154,4502,2999,991,4566
2019-05-18T20:00,Power VPN Free VPN,1000000,4.49800072700836,63273,50203,4507,3002,992,4569
2019-05-19T20:00,Power VPN Free VPN,1000000,4.4981051634296545,63330,50249,4512,3005,993,4571
2019-05-20T20:00,Power VPN Free VPN,1000000,4.498202459791864,63420,50321,4519,3010,995,4575
2019-05-21T20:00,Power VPN Free VPN,1000000,4.498236720299758,63518,50399,4526,3015,997,4581
2019-05-22T20:00,Power VPN Free VPN,1000000,4.4983429406128765,63667,50518,4537,3023,1000,4589
2019-05-23T20:00,Power VPN Free VPN,1000000,4.498425283213989,63821,50641,4548,3031,1003,4598
2019-05-24T20:00,Power VPN Free VPN,1000000,4.49850937300014,64067,50837,4566,3043,1007,4614
2019-05-25T20:00,Power VPN Free VPN,1000000,4.498583745759019,64254,50986,4580,3052,1010,4626
2019-05-26T20:00,Power VPN Free VPN,1000000,4.498644062543583,64531,51206,4600,3066,1015,4644
2019-05-27T20:00,Power VPN Free VPN,1000000,4.498733238583699,64732,51366,4615,3076,1019,4656
2019-05-28T20:00,Power VPN Free VPN,1000000,4.498823095029307,65001,51580,4635,3089,1024,4673
2019-05-29T20:00,Power VPN Free VPN,1000000,4.498903525586959,65209,51746,4650,3099,1028,4686
2019-05-30T20:00,Power VPN Free VPN,1000000,4.498954118635011,65495,51973,4671,3113,1033,4705
2019-05-31T20:00,Power VPN Free VPN,1000000,4.499034734361937,65785,52204,4692,3127,1038,4724
2019-06-01T20:00,Power VPN Free VPN,1000000,4.499106629114806,66042,52408,4711,3140,1043,4740
2019-06-02T20:00,Power VPN Free VPN,1000000,4.499215899152568,66318,52628,4731,3154,1048,4757
2019-06-03T20:00,Power VPN Free VPN,1000000,4.499303130666747,66727,52953,4761,3174,1055,4784
2019-06-04T20:00,Power VPN Free VPN,1000000,4.499426887178648,67177,53311,4794,3196,1063,4813
2019-06-05T20:00,Power VPN Free VPN,1000000,4.499453826169107,67744,53761,4835,3223,1072,4853
2019-06-06T20:00,Power VPN Free VPN,1000000,4.499516001290663,68182,54109,4867,3244,1079,4883
2019-06-07T20:00,Power VPN Free VPN,1000000,4.499576815316367,68528,54384,4892,3261,1085,4906
2019-06-08T20:00,Power VPN Free VPN,1000000,4.499607672188318,68820,54616,4913,3275,1090,4926
2019-06-09T20:00,Power VPN Free VPN,1000000,4.49968896925859,69125,54859,4935,3290,1095,4946
2019-06-10T20:00,Power VPN Free VPN,1000000,4.499733379451483,69387,55067,4954,3303,1100,4963
2019-06-11T20:00,Power VPN Free VPN,1000000,4.499806187639078,69655,55280,4974,3316,1105,4980
2019-06-12T20:00,Power VPN Free VPN,1000000,4.499899977137631,69984,55542,4998,3332,1111,5001
2019-05-16T20:00,KeepSolid VPN Unlimited | Free VPN for Android,1000000,4.224419882360546,15471,10304,2051,1012,492,1612
2019-05-17T20:00,KeepSolid VPN Unlimited | Free VPN for Android,1000000,4.224749596122779,15475,10307,2052,1013,493,1610
2019-05-18T20:00,KeepSolid VPN Unlimited | Free VPN for Android,1000000,4.225079139479295,15479,10310,2053,1014,494,1608
2019-05-19T20:00,KeepSolid VPN Unlimited | Free VPN for Android,1000000,4.225408512562165,15483,10313,2054,1015,495,1606
2019-05-20T20:00,KeepSolid VPN Unlimited | Free VPN for Android,1000000,4.2257377155033256,15487,10316,2055,1016,496,1604
2019-05-21T20:00,KeepSolid VPN Unlimited | Free VPN for Android,1000000,4.226066748434575,15491,10319,2056,1017,497,1602
2019-05-22T20:00,KeepSolid VPN Unlimited | Free VPN for Android,1000000,4.226395611487576,15495,10322,2057,1018,498,1600
2019-05-23T20:00,KeepSolid VPN Unlimited | Free VPN for Android,1000000,4.226724304793858,15499,10325,2058,1019,499,1598
2019-05-24T20:00,KeepSolid VPN Unlimited | Free VPN for Android,1000000,4.227052828484809,15503,10328,2059,1020,500,1596
2019-05-25T20:00,KeepSolid VPN Unlimited | Free VPN for Android,1000000,4.227381182691688,15507,10331,2060,1021,501,1594
2019-05-26T20:00,KeepSolid VPN Unlimited | Free VPN for Android,1000000,4.2277093675456126,15511,10334,2061,1022,502,1592
2019-05-27T20:00,KeepSolid VPN Unlimited | Free VPN for Android,1000000,4.22803738317757,15515,10337,2062,1023,503,1590
2019-05-28T20:00,KeepSolid VPN Unlimited | Free VPN for Android,1000000,4.22836522971841,15519,10340,2063,1024,504,1588
2019-05-29T20:00,KeepSolid VPN Unlimited | Free VPN for Android,1000000,4.228692907298847,15523,10343,2064,1025,505,1586
2019-05-30T20:00,KeepSolid VPN Unlimited | Free VPN for Android,1000000,4.229020416049463,15527,10346,2065,1026,506,1584
2019-05-31T20:00,KeepSolid VPN Unlimited | Free VPN for Android,1000000,4.229347756100702,15531,10349,2066,1027,507,1582
2019-06-01T20:00,KeepSolid VPN Unlimited | Free VPN for Android,1000000,4.229674927582877,15535,10352,2067,1028,508,1580
2019-06-02T20:00,KeepSolid VPN Unlimited | Free VPN for Android,1000000,4.230001930626166,15539,10355,2068,1029,509,1578
2019-06-03T20:00,KeepSolid VPN Unlimited | Free VPN for Android,1000000,4.230328765360612,15543,10358,2069,1030,510,1576
2019-06-04T20:00,KeepSolid VPN Unlimited | Free VPN for Android,1000000,4.230655431916126,15547,10361,2070,1031,511,1574
2019-06-05T20:00,KeepSolid VPN Unlimited | Free VPN for Android,1000000,4.230981930422481,15551,10364,2071,1032,512,1572
2019-06-06T20:00,KeepSolid VPN Unlimited | Free VPN for Android,1000000,4.231357675494986,15556,10368,2072,1033,513,1570
2019-06-07T20:00,KeepSolid VPN Unlimited | Free VPN for Android,1000000,4.231525510859787,15562,10372,2073,1034,514,1569
2019-06-08T20:00,KeepSolid VPN Unlimited | Free VPN for Android,1000000,4.23174256535423,15569,10377,2074,1035,515,1568
2019-06-09T20:00,KeepSolid VPN Unlimited | Free VPN for Android,1000000,4.232201322462605,15577,10383,2076,1036,516,1566
2019-06-10T20:00,KeepSolid VPN Unlimited | Free VPN for Android,1000000,4.232659608598011,15585,10389,2078,1037,517,1564
2019-06-11T20:00,KeepSolid VPN Unlimited | Free VPN for Android,1000000,4.232875833760903,15592,10394,2079,1038,518,1563
2019-06-12T20:00,KeepSolid VPN Unlimited | Free VPN for Android,1000000,4.233042697781767,15598,10398,2080,1039,519,1562
2019-05-16T20:00,UFO VPN Basic: Free VPN Proxy & Secure WiFi Master,950000,4.423436952495369,39954,30960,3086,1537,608,3763
2019-05-17T20:00,UFO VPN Basic: Free VPN Proxy & Secure WiFi Master,950000,4.423519249753208,40520,31399,3130,1559,617,3815
2019-05-18T20:00,UFO VPN Basic: Free VPN Proxy & Secure WiFi Master,950000,4.423699041206177,40989,31763,3167,1578,625,3856
2019-05-19T20:00,UFO VPN Basic: Free VPN Proxy & Secure WiFi Master,950000,4.423806535695323,41434,32108,3202,1596,632,3896
2019-05-20T20:00,UFO VPN Basic: Free VPN Proxy & Secure WiFi Master,950000,4.4239006009730035,41932,32494,3241,1616,640,3941
2019-05-21T20:00,UFO VPN Basic: Free VPN Proxy & Secure WiFi Master,950000,4.423995848958702,42399,32856,3278,1634,648,3983
2019-05-22T20:00,UFO VPN Basic: Free VPN Proxy & Secure WiFi Master,950000,4.424118512979882,42797,33165,3309,1650,655,4018
2019-05-23T20:00,UFO VPN Basic: Free VPN Proxy & Secure WiFi Master,950000,4.424274075621475,43083,33387,3332,1662,660,4042
2019-05-24T20:00,UFO VPN Basic: Free VPN Proxy & Secure WiFi Master,950000,4.42439902182439,43346,33591,3353,1673,665,4064
2019-05-25T20:00,UFO VPN Basic: Free VPN Proxy & Secure WiFi Master,950000,4.4244777350192415,43656,33832,3377,1685,670,4092
2019-05-26T20:00,UFO VPN Basic: Free VPN Proxy & Secure WiFi Master,950000,4.424626950677753,43895,34018,3396,1695,674,4112
2019-05-27T20:00,UFO VPN Basic: Free VPN Proxy & Secure WiFi Master,950000,4.424746661830382,44111,34186,3413,1704,678,4130
2019-05-28T20:00,UFO VPN Basic: Free VPN Proxy & Secure WiFi Master,950000,4.42489589195273,44425,34430,3438,1717,683,4157
2019-05-29T20:00,UFO VPN Basic: Free VPN Proxy & Secure WiFi Master,950000,4.4250307296904685,44745,34679,3463,1730,688,4185
2019-05-30T20:00,UFO VPN Basic: Free VPN Proxy & Secure WiFi Master,950000,4.425127635960044,45050,34916,3487,1742,693,4212
2019-05-31T20:00,UFO VPN Basic: Free VPN Proxy & Secure WiFi Master,950000,4.425157899386069,45282,35096,3505,1751,697,4233
2019-06-01T20:00,UFO VPN Basic: Free VPN Proxy & Secure WiFi Master,950000,4.425213440730417,45563,35314,3527,1762,702,4258
2019-06-02T20:00,UFO VPN Basic: Free VPN Proxy & Secure WiFi Master,950000,4.425356355460479,45811,35507,3547,1772,706,4279
2019-06-03T20:00,UFO VPN Basic: Free VPN Proxy & Secure WiFi Master,950000,4.4254593631901304,46042,35687,3565,1781,710,4299
2019-06-04T20:00,UFO VPN Basic: Free VPN Proxy & Secure WiFi Master,1000000,4.42553237534626,46208,35816,3578,1788,713,4313
2019-06-05T20:00,UFO VPN Basic: Free VPN Proxy & Secure WiFi Master,1000000,4.4256943246506815,46376,35947,3592,1795,716,4326
2019-06-06T20:00,UFO VPN Basic: Free VPN Proxy & Secure WiFi Master,1000000,4.425816565378916,46567,36096,3607,1803,719,4342
2019-06-07T20:00,UFO VPN Basic: Free VPN Proxy & Secure WiFi Master,1000000,4.425865279650678,46719,36214,3619,1809,722,4355
2019-06-08T20:00,UFO VPN Basic: Free VPN Proxy & Secure WiFi Master,1000000,4.425946476588843,46858,36322,3630,1815,725,4366
2019-06-09T20:00,UFO VPN Basic: Free VPN Proxy & Secure WiFi Master,1000000,4.426077329245444,46968,36408,3639,1820,727,4374
2019-06-10T20:00,UFO VPN Basic: Free VPN Proxy & Secure WiFi Master,1000000,4.426126470463329,47094,36506,3649,1825,729,4385
2019-06-11T20:00,UFO VPN Basic: Free VPN Proxy & Secure WiFi Master,1000000,4.426161229624305,47299,36665,3665,1833,733,4403
2019-06-12T20:00,UFO VPN Basic: Free VPN Proxy & Secure WiFi Master,1000000,4.4262339901995835,47549,36859,3685,1843,737,4425
2019-05-16T20:00,Turbo VPN- Free Proxy Server & Secure VPN Service,49950000,4.68328467305042,2693504,2244575,246890,89770,22432,89837
2019-05-17T20:00,Turbo VPN- Free Proxy Server & Secure VPN Service,49950000,4.683286880779037,2693788,2244812,246917,89780,22435,89844
2019-05-18T20:00,Turbo VPN- Free Proxy Server & Secure VPN Service,49950000,4.683289768386919,2694062,2245041,246943,89790,22438,89850
2019-05-19T20:00,Turbo VPN- Free Proxy Server & Secure VPN Service,49950000,4.6832909607140865,2694350,2245281,246970,89800,22441,89858
2019-05-20T20:00,Turbo VPN- Free Proxy Server & Secure VPN Service,49950000,4.683293216151081,2694606,2245495,246994,89809,22444,89864
2019-05-21T20:00,Turbo VPN- Free Proxy Server & Secure VPN Service,49950000,4.683295423764662,2695010,2245832,247032,89823,22448,89875
2019-05-22T20:00,Turbo VPN- Free Proxy Server & Secure VPN Service,49950000,4.683297446414474,2695504,2246244,247078,89840,22453,89889
2019-05-23T20:00,Turbo VPN- Free Proxy Server & Secure VPN Service,49950000,4.683298344262782,2696080,2246724,247131,89860,22458,89907
2019-05-24T20:00,Turbo VPN- Free Proxy Server & Secure VPN Service,49950000,4.683300494546932,2697014,2247503,247217,89892,22466,89936
2019-05-25T20:00,Turbo VPN- Free Proxy Server & Secure VPN Service,49950000,4.683302530982124,2697846,2248197,247294,89920,22473,89962
2019-05-26T20:00,Turbo VPN- Free Proxy Server & Secure VPN Service,49950000,4.683303253076912,2698891,2249068,247390,89955,22482,89996
2019-05-27T20:00,Turbo VPN- Free Proxy Server & Secure VPN Service,49950000,4.683304844106655,2700436,2250356,247532,90007,22495,90046
2019-05-28T20:00,Turbo VPN- Free Proxy Server & Secure VPN Service,49950000,4.683306269795648,2701667,2251382,247645,90049,22506,90085
2019-05-29T20:00,Turbo VPN- Free Proxy Server & Secure VPN Service,49950000,4.683307402713927,2702725,2252264,247742,90085,22515,90119
2019-05-30T20:00,Turbo VPN- Free Proxy Server & Secure VPN Service,49950000,4.683309332510871,2704074,2253389,247866,90130,22527,90162
2019-05-31T20:00,Turbo VPN- Free Proxy Server & Secure VPN Service,49950000,4.683309786630648,2705262,2254379,247975,90170,22537,90201
2019-06-01T20:00,Turbo VPN- Free Proxy Server & Secure VPN Service,49950000,4.683312489262378,2706605,2255499,248099,90215,22549,90243
2019-06-02T20:00,Turbo VPN- Free Proxy Server & Secure VPN Service,49950000,4.68331291057045,2708579,2257144,248280,90281,22566,90308
2019-06-03T20:00,Turbo VPN- Free Proxy Server & Secure VPN Service,49950000,4.683314733171894,2711446,2259534,248543,90377,22590,90402
2019-06-04T20:00,Turbo VPN- Free Proxy Server & Secure VPN Service,49950000,4.68331690855605,2714395,2261992,248814,90476,22615,90498
2019-06-05T20:00,Turbo VPN- Free Proxy Server & Secure VPN Service,49950000,4.683319484912335,2717518,2264595,249101,90581,22642,90599
2019-06-06T20:00,Turbo VPN- Free Proxy Server & Secure VPN Service,49950000,4.683322033026296,2721165,2267635,249436,90703,22673,90718
2019-06-07T20:00,Turbo VPN- Free Proxy Server & Secure VPN Service,49950000,4.683324044764294,2723778,2269813,249676,90791,22695,90803
2019-06-08T20:00,Turbo VPN- Free Proxy Server & Secure VPN Service,49950000,4.683325230455382,2727426,2272853,250011,90913,22726,90923
2019-06-09T20:00,Turbo VPN- Free Proxy Server & Secure VPN Service,49950000,4.68332641844789,2733234,2277693,250544,91107,22775,91115
2019-06-10T20:00,Turbo VPN- Free Proxy Server & Secure VPN Service,49950000,4.683327662395696,2739112,2282592,251083,91303,22824,91310
2019-06-11T20:00,Turbo VPN- Free Proxy Server & Secure VPN Service,49950000,4.683330326044759,2743335,2286112,251471,91444,22860,91448
2019-06-12T20:00,Turbo VPN- Free Proxy Server & Secure VPN Service,49950000,4.683331240891053,2747985,2289987,251898,91599,22899,91602
2019-05-16T20:00,Unlimited Free VPN Monster - Fast Secure VPN Proxy,4950000,4.713676396179875,252976,212570,23368,8489,2109,6440
2019-05-17T20:00,Unlimited Free VPN Monster - Fast Secure VPN Proxy,4950000,4.71369548644987,253171,212734,23387,8496,2111,6443
2019-05-18T20:00,Unlimited Free VPN Monster - Fast Secure VPN Proxy,4950000,4.7137173642768335,253365,212898,23405,8503,2113,6446
2019-05-19T20:00,Unlimited Free VPN Monster - Fast Secure VPN Proxy,4950000,4.713731213758826,253510,213020,23419,8508,2115,6448
2019-05-20T20:00,Unlimited Free VPN Monster - Fast Secure VPN Proxy,4950000,4.7137512172620575,253643,213132,23432,8513,2117,6449
2019-05-21T20:00,Unlimited Free VPN Monster - Fast Secure VPN Proxy,4950000,4.713775210688268,253811,213274,23448,8519,2119,6451
2019-05-22T20:00,Unlimited Free VPN Monster - Fast Secure VPN Proxy,4950000,4.713791840736468,253969,213407,23463,8525,2121,6453
2019-05-23T20:00,Unlimited Free VPN Monster - Fast Secure VPN Proxy,4950000,4.713814028901552,254104,213521,23476,8530,2123,6454
2019-05-24T20:00,Unlimited Free VPN Monster - Fast Secure VPN Proxy,4950000,4.713829996459898,254230,213627,23488,8535,2125,6455
2019-05-25T20:00,Unlimited Free VPN Monster - Fast Secure VPN Proxy,4950000,4.713858914637262,254385,213758,23503,8541,2127,6456
2019-05-26T20:00,Unlimited Free VPN Monster - Fast Secure VPN Proxy,4950000,4.713871549397581,254557,213903,23519,8547,2129,6459
2019-05-27T20:00,Unlimited Free VPN Monster - Fast Secure VPN Proxy,4950000,4.713893228042357,254786,214096,23541,8555,2131,6463
2019-05-28T20:00,Unlimited Free VPN Monster - Fast Secure VPN Proxy,4950000,4.713907518531592,254970,214251,23558,8562,2133,6466
2019-05-29T20:00,Unlimited Free VPN Monster - Fast Secure VPN Proxy,4950000,4.71392792051267,255135,214390,23574,8568,2135,6468
2019-05-30T20:00,Unlimited Free VPN Monster - Fast Secure VPN Proxy,4950000,4.713957196416189,255259,214495,23586,8573,2137,6468
2019-05-31T20:00,Unlimited Free VPN Monster - Fast Secure VPN Proxy,4950000,4.713984825825849,255434,214643,23603,8579,2139,6470
2019-06-01T20:00,Unlimited Free VPN Monster - Fast Secure VPN Proxy,4950000,4.714011298550906,255608,214790,23620,8585,2141,6472
2019-06-02T20:00,Unlimited Free VPN Monster - Fast Secure VPN Proxy,4950000,4.71403605484465,255777,214933,23636,8591,2143,6474
2019-06-03T20:00,Unlimited Free VPN Monster - Fast Secure VPN Proxy,5000000,4.714055192407625,255941,215071,23652,8597,2145,6476
2019-06-04T20:00,Unlimited Free VPN Monster - Fast Secure VPN Proxy,5000000,4.714079865043228,256082,215190,23666,8602,2147,6477
2019-06-05T20:00,Unlimited Free VPN Monster - Fast Secure VPN Proxy,5000000,4.714099532538883,256278,215355,23685,8609,2149,6480
2019-06-06T20:00,Unlimited Free VPN Monster - Fast Secure VPN Proxy,5000000,4.714111979044857,256548,215582,23710,8619,2152,6485
2019-06-07T20:00,Unlimited Free VPN Monster - Fast Secure VPN Proxy,5000000,4.714137748426889,256816,215808,23735,8629,2155,6489
2019-06-08T20:00,Unlimited Free VPN Monster - Fast Secure VPN Proxy,5000000,4.714166300557134,257209,216139,23772,8643,2159,6496
2019-06-09T20:00,Unlimited Free VPN Monster - Fast Secure VPN Proxy,5000000,4.714181434140432,257548,216424,23804,8655,2162,6503
2019-06-10T20:00,Unlimited Free VPN Monster - Fast Secure VPN Proxy,5000000,4.714199901564505,258037,216835,23850,8672,2167,6513
2019-06-11T20:00,Unlimited Free VPN Monster - Fast Secure VPN Proxy,5000000,4.714223267545047,258506,217230,23894,8688,2171,6523
2019-06-12T20:00,Unlimited Free VPN Monster - Fast Secure VPN Proxy,5000000,4.714252607184241,258900,217562,23931,8702,2175,6530
2019-05-16T20:00,Free VPN & security unblock Proxy -Snap Master VPN,49900000,4.683232732677586,1334153,1111782,122283,44458,11103,44527
2019-05-17T20:00,Free VPN & security unblock Proxy -Snap Master VPN,49900000,4.683236345684922,1336940,1114105,122539,44551,11127,44618
2019-05-18T20:00,Free VPN & security unblock Proxy -Snap Master VPN,49900000,4.683241365047771,1339411,1116165,122766,44634,11148,44698
2019-05-19T20:00,Free VPN & security unblock Proxy -Snap Master VPN,49900000,4.683243214229003,1341373,1117800,122946,44700,11165,44762
2019-05-20T20:00,Free VPN & security unblock Proxy -Snap Master VPN,49900000,4.683247829768347,1342829,1119014,123080,44749,11178,44808
2019-05-21T20:00,Free VPN & security unblock Proxy -Snap Master VPN,49900000,4.6832509896127865,1343960,1119957,123184,44787,11188,44844
2019-05-22T20:00,Free VPN & security unblock Proxy -Snap Master VPN,49900000,4.683255147482892,1345512,1121251,123327,44839,11201,44894
2019-05-23T20:00,Free VPN & security unblock Proxy -Snap Master VPN,49950000,4.683259813128516,1347022,1122510,123466,44890,11214,44942
2019-05-24T20:00,Free VPN & security unblock Proxy -Snap Master VPN,49950000,4.683260800260971,1348810,1124000,123630,44950,11229,45001
2019-05-25T20:00,Free VPN & security unblock Proxy -Snap Master VPN,49950000,4.683266019656038,1351137,1125940,123844,45028,11249,45076
2019-05-26T20:00,Free VPN & security unblock Proxy -Snap Master VPN,49950000,4.683269181213188,1354333,1128604,124137,45135,11276,45181
2019-05-27T20:00,Free VPN & security unblock Proxy -Snap Master VPN,49950000,4.683271715432062,1358101,1131744,124483,45261,11308,45305
2019-05-28T20:00,Free VPN & security unblock Proxy -Snap Master VPN,49950000,4.683276513068661,1363950,1136619,125020,45456,11357,45498
2019-05-29T20:00,Free VPN & security unblock Proxy -Snap Master VPN,49950000,4.683280301514729,1369618,1141343,125540,45645,11405,45685
2019-05-30T20:00,Free VPN & security unblock Proxy -Snap Master VPN,49950000,4.683283919808215,1374455,1145374,125984,45807,11446,45844
2019-05-31T20:00,Free VPN & security unblock Proxy -Snap Master VPN,49950000,4.683289957300585,1379410,1149504,126439,45973,11488,46006
2019-06-01T20:00,Free VPN & security unblock Proxy -Snap Master VPN,49950000,4.683292114806726,1383682,1153064,126831,46116,11524,46147
2019-06-02T20:00,Free VPN & security unblock Proxy -Snap Master VPN,49950000,4.683295707326966,1390439,1158695,127451,46342,11581,46370
2019-06-03T20:00,Free VPN & security unblock Proxy -Snap Master VPN,49950000,4.6833007322216815,1400259,1166879,128352,46670,11663,46695
2019-06-04T20:00,Free VPN & security unblock Proxy -Snap Master VPN,49950000,4.68330440646684,1408725,1173934,129129,46953,11734,46975
2019-06-05T20:00,Free VPN & security unblock Proxy -Snap Master VPN,50000000,4.683308265789903,1415509,1179588,129751,47180,11791,47199
2019-06-06T20:00,Free VPN & security unblock Proxy -Snap Master VPN,50000000,4.683311546104803,1420557,1183795,130214,47349,11834,47365
2019-06-07T20:00,Free VPN & security unblock Proxy -Snap Master VPN,50000000,4.683316482714073,1424280,1186898,130556,47474,11866,47486
2019-06-08T20:00,Free VPN & security unblock Proxy -Snap Master VPN,50000000,4.683318920752295,1426994,1189160,130805,47565,11889,47575
2019-06-09T20:00,Free VPN & security unblock Proxy -Snap Master VPN,50000000,4.683322293620911,1429687,1191405,131052,47655,11912,47663
2019-06-10T20:00,Free VPN & security unblock Proxy -Snap Master VPN,50000000,4.683326944600963,1432209,1193507,131284,47740,11934,47744
2019-06-11T20:00,Free VPN & security unblock Proxy -Snap Master VPN,50000000,4.68332807440238,1435653,1196377,131600,47855,11963,47858
2019-06-12T20:00,Free VPN & security unblock Proxy -Snap Master VPN,50000000,4.683331537025383,1438135,1198446,131828,47938,11984,47939
2019-05-16T20:00,Free Secure VPN - Unlimited fast proxy VPN,50000,4.563606194690266,1808,1475,147,51,0,135
2019-05-17T20:00,Free Secure VPN - Unlimited fast proxy VPN,50000,4.567328918322295,1812,1479,148,52,0,133
2019-05-18T20:00,Free Secure VPN - Unlimited fast proxy VPN,50000,4.5710352422907485,1816,1483,149,53,0,131
2019-05-19T20:00,Free Secure VPN - Unlimited fast proxy VPN,50000,4.5747252747252745,1820,1487,150,54,0,129
2019-05-20T20:00,Free Secure VPN - Unlimited fast proxy VPN,50000,4.578399122807017,1824,1491,151,55,0,127
2019-05-21T20:00,Free Secure VPN - Unlimited fast proxy VPN,50000,4.5820568927789935,1828,1495,152,56,0,125
2019-05-22T20:00,Free Secure VPN - Unlimited fast proxy VPN,50000,4.585698689956332,1832,1499,153,57,0,123
2019-05-23T20:00,Free Secure VPN - Unlimited fast proxy VPN,50000,4.589324618736383,1836,1503,154,58,0,121
2019-05-24T20:00,Free Secure VPN - Unlimited fast proxy VPN,50000,4.592934782608696,1840,1507,155,59,0,119
2019-05-25T20:00,Free Secure VPN - Unlimited fast proxy VPN,50000,4.596529284164859,1844,1511,156,60,0,117
2019-05-26T20:00,Free Secure VPN - Unlimited fast proxy VPN,50000,4.600108225108225,1848,1515,157,61,0,115
2019-05-27T20:00,Free Secure VPN - Unlimited fast proxy VPN,50000,4.603671706263499,1852,1519,158,62,0,113
2019-05-28T20:00,Free Secure VPN - Unlimited fast proxy VPN,50000,4.607219827586207,1856,1523,159,63,0,111
2019-05-29T20:00,Free Secure VPN - Unlimited fast proxy VPN,50000,4.611290322580645,1860,1527,160,64,1,108
2019-05-30T20:00,Free Secure VPN - Unlimited fast proxy VPN,50000,4.615343347639485,1864,1531,161,65,2,105
2019-05-31T20:00,Free Secure VPN - Unlimited fast proxy VPN,50000,4.619379014989294,1868,1535,162,66,3,102
2019-06-01T20:00,Free Secure VPN - Unlimited fast proxy VPN,50000,4.623397435897436,1872,1539,163,67,4,99
2019-06-02T20:00,Free Secure VPN - Unlimited fast proxy VPN,50000,4.627398720682303,1876,1543,164,68,5,96
2019-06-03T20:00,Free Secure VPN - Unlimited fast proxy VPN,50000,4.631382978723404,1880,1547,165,69,6,93
2019-06-04T20:00,Free Secure VPN - Unlimited fast proxy VPN,50000,4.635350318471337,1884,1551,166,70,7,90
2019-06-05T20:00,Free Secure VPN - Unlimited fast proxy VPN,50000,4.639300847457627,1888,1555,167,71,8,87
2019-06-06T20:00,Free Secure VPN - Unlimited fast proxy VPN,50000,4.643234672304439,1892,1559,168,72,9,84
2019-06-07T20:00,Free Secure VPN - Unlimited fast proxy VPN,50000,4.647151898734177,1896,1563,169,73,10,81
2019-06-08T20:00,Free Secure VPN - Unlimited fast proxy VPN,50000,4.651052631578947,1900,1567,170,74,11,78
2019-06-09T20:00,Free Secure VPN - Unlimited fast proxy VPN,50000,4.654936974789916,1904,1571,171,75,12,75
2019-06-10T20:00,Free Secure VPN - Unlimited fast proxy VPN,50000,4.658805031446541,1908,1575,172,76,13,72
2019-06-11T20:00,Free Secure VPN - Unlimited fast proxy VPN,50000,4.66265690376569,1912,1579,173,77,14,69
2019-06-12T20:00,Free Secure VPN - Unlimited fast proxy VPN,50000,4.666492693110647,1916,1583,174,78,15,66
2019-05-16T20:00,Free VPN Unlimited Proxy - Proxy Master,10000000,4.668973556079349,232492,197016,15749,7869,1958,9900
2019-05-17T20:00,Free VPN Unlimited Proxy - Proxy Master,10000000,4.668999539115443,234332,198576,15874,7932,1974,9976
2019-05-18T20:00,Free VPN Unlimited Proxy - Proxy Master,10000000,4.669031404510105,235826,199843,15976,7983,1987,10037
2019-05-19T20:00,Free VPN Unlimited Proxy - Proxy Master,10000000,4.669052615642125,237781,201500,16109,8050,2004,10118
2019-05-20T20:00,Free VPN Unlimited Proxy - Proxy Master,10000000,4.669070760590689,239314,202800,16213,8102,2017,10182
2019-05-21T20:00,Free VPN Unlimited Proxy - Proxy Master,10000000,4.669083578412056,241079,204296,16333,8162,2032,10256
2019-05-22T20:00,Free VPN Unlimited Proxy - Proxy Master,10000000,4.669099696693216,243318,206194,16485,8238,2051,10350
2019-05-23T20:00,Free VPN Unlimited Proxy - Proxy Master,10000000,4.669125902820024,244927,207558,16595,8293,2065,10416
2019-05-24T20:00,Free VPN Unlimited Proxy - Proxy Master,10000000,4.669127655857006,246107,208558,16675,8333,2075,10466
2019-05-25T20:00,Free VPN Unlimited Proxy - Proxy Master,10000000,4.669144409491536,246999,209314,16736,8364,2083,10502
2019-05-26T20:00,Free VPN Unlimited Proxy - Proxy Master,10000000,4.669173174852129,248021,210181,16806,8399,2092,10543
2019-05-27T20:00,Free VPN Unlimited Proxy - Proxy Master,10000000,4.669203660021458,248851,210885,16863,8428,2100,10575
2019-05-28T20:00,Free VPN Unlimited Proxy - Proxy Master,10000000,4.669214490128019,249494,211430,16907,8450,2106,10601
2019-05-29T20:00,Free VPN Unlimited Proxy - Proxy Master,10000000,4.669230062073073,250189,212019,16955,8474,2112,10629
2019-05-30T20:00,Free VPN Unlimited Proxy - Proxy Master,10000000,4.669242085371542,250833,212565,16999,8496,2118,10655
2019-05-31T20:00,Free VPN Unlimited Proxy - Proxy Master,10000000,4.6692653077442685,251670,213275,17056,8525,2126,10688
2019-06-01T20:00,Free VPN Unlimited Proxy - Proxy Master,10000000,4.669281247404208,252813,214244,17134,8564,2136,10735
2019-06-02T20:00,Free VPN Unlimited Proxy - Proxy Master,10000000,4.669302962782165,254018,215266,17216,8605,2147,10784
2019-06-03T20:00,Free VPN Unlimited Proxy - Proxy Master,10000000,4.669322381286421,255173,216245,17295,8645,2157,10831
2019-06-04T20:00,Free VPN Unlimited Proxy - Proxy Master,10000000,4.669332937944812,256288,217190,17371,8683,2167,10877
2019-06-05T20:00,Free VPN Unlimited Proxy - Proxy Master,10000000,4.66934838203173,257298,218046,17440,8718,2176,10918
2019-06-06T20:00,Free VPN Unlimited Proxy - Proxy Master,10000000,4.6693638976472505,258166,218782,17499,8748,2184,10953
2019-06-07T20:00,Free VPN Unlimited Proxy - Proxy Master,10000000,4.6693789554211005,258822,219338,17544,8771,2190,10979
2019-06-08T20:00,Free VPN Unlimited Proxy - Proxy Master,10000000,4.6694060054735385,259430,219854,17586,8792,2196,11002
2019-06-09T20:00,Free VPN Unlimited Proxy - Proxy Master,10000000,4.669420692891459,259983,220323,17624,8811,2201,11024
2019-06-10T20:00,Free VPN Unlimited Proxy - Proxy Master,10000000,4.6694423455317455,260717,220946,17674,8836,2208,11053
2019-06-11T20:00,Free VPN Unlimited Proxy - Proxy Master,10000000,4.669447899722514,261275,221419,17712,8855,2213,11076
2019-06-12T20:00,Free VPN Unlimited Proxy - Proxy Master,10000000,4.669470515656097,261783,221850,17747,8873,2218,11095
2019-05-16T20:00,Xiaoming VPN - Simple Free Unlimited & Safe,450000,4.847462686567164,23450,21499,1275,201,0,475
2019-05-17T20:00,Xiaoming VPN - Simple Free Unlimited & Safe,450000,4.847673379028482,23489,21535,1278,202,0,474
2019-05-18T20:00,Xiaoming VPN - Simple Free Unlimited & Safe,450000,4.84778452780492,23539,21581,1281,203,0,474
2019-05-19T20:00,Xiaoming VPN - Simple Free Unlimited & Safe,450000,4.8479809976247035,23576,21615,1284,204,0,473
2019-05-20T20:00,Xiaoming VPN - Simple Free Unlimited & Safe,450000,4.848199915290131,23610,21647,1286,205,0,472
2019-05-21T20:00,Xiaoming VPN - Simple Free Unlimited & Safe,450000,4.848418203349687,23644,21679,1288,206,0,471
2019-05-22T20:00,Xiaoming VPN - Simple Free Unlimited & Safe,450000,4.848612811958954,23681,21713,1291,207,0,470
2019-05-23T20:00,Xiaoming VPN - Simple Free Unlimited & Safe,450000,4.848797975537748,23710,21740,1293,208,0,469
2019-05-24T20:00,Xiaoming VPN - Simple Free Unlimited & Safe,450000,4.848969962505793,23737,21765,1295,209,0,468
2019-05-25T20:00,Xiaoming VPN - Simple Free Unlimited & Safe,450000,4.849185982920365,23771,21797,1297,210,0,467
2019-05-26T20:00,Xiaoming VPN - Simple Free Unlimited & Safe,500000,4.84936974789916,23800,21824,1299,211,0,466
2019-05-27T20:00,Xiaoming VPN - Simple Free Unlimited & Safe,500000,4.849559378934116,23830,21852,1301,212,0,465
2019-05-28T20:00,Xiaoming VPN - Simple Free Unlimited & Safe,500000,4.849807337912548,23876,21895,1304,213,0,464
2019-05-29T20:00,Xiaoming VPN - Simple Free Unlimited & Safe,500000,4.8500292666610925,23918,21934,1307,214,0,463
2019-05-30T20:00,Xiaoming VPN - Simple Free Unlimited & Safe,500000,4.85025041736227,23960,21973,1310,215,0,462
2019-05-31T20:00,Xiaoming VPN - Simple Free Unlimited & Safe,500000,4.850534993130438,24019,22028,1314,216,0,461
2019-06-01T20:00,Xiaoming VPN - Simple Free Unlimited & Safe,500000,4.850734500788447,24098,22101,1319,217,0,461
2019-06-02T20:00,Xiaoming VPN - Simple Free Unlimited & Safe,500000,4.850920372285419,24175,22172,1324,218,0,461
2019-06-03T20:00,Xiaoming VPN - Simple Free Unlimited & Safe,500000,4.851200792275316,24234,22227,1328,219,0,460
2019-06-04T20:00,Xiaoming VPN - Simple Free Unlimited & Safe,500000,4.8514231577213,24277,22267,1331,220,0,459
2019-06-05T20:00,Xiaoming VPN - Simple Free Unlimited & Safe,500000,4.8516768042084495,24332,22318,1335,221,0,458
2019-06-06T20:00,Xiaoming VPN - Simple Free Unlimited & Safe,500000,4.851851851851852,24408,22388,1340,222,0,458
2019-06-07T20:00,Xiaoming VPN - Simple Free Unlimited & Safe,500000,4.851994115724093,24472,22447,1344,223,0,458
2019-06-08T20:00,Xiaoming VPN - Simple Free Unlimited & Safe,500000,4.8521537144952935,24539,22509,1348,224,0,458
2019-06-09T20:00,Xiaoming VPN - Simple Free Unlimited & Safe,500000,4.8523146833286,24647,22609,1354,225,0,459
2019-06-10T20:00,Xiaoming VPN - Simple Free Unlimited & Safe,500000,4.8525464834276475,24740,22695,1360,226,0,459
2019-06-11T20:00,Xiaoming VPN - Simple Free Unlimited & Safe,500000,4.852794330810115,24836,22784,1366,227,0,459
2019-06-12T20:00,Xiaoming VPN - Simple Free Unlimited & Safe,500000,4.8529671565084715,24906,22849,1370,228,0,459
2019-05-16T20:00,"Best Free VPN - A High Speed, Free VPN",5000000,4.548652694610778,2672,2065,325,117,13,152
2019-05-17T20:00,"Best Free VPN - A High Speed, Free VPN",5000000,4.5506998975759645,2929,2264,357,129,15,164
2019-05-18T20:00,"Best Free VPN - A High Speed, Free VPN",5000000,4.552012383900929,3230,2497,394,143,17,179
2019-05-19T20:00,"Best Free VPN - A High Speed, Free VPN",5000000,4.5538594470046085,3472,2685,424,154,19,190
2019-05-20T20:00,"Best Free VPN - A High Speed, Free VPN",5000000,4.5554382259767685,3788,2930,463,169,21,205
2019-05-21T20:00,"Best Free VPN - A High Speed, Free VPN",5000000,4.557013358778626,4192,3243,513,188,24,224
2019-05-22T20:00,"Best Free VPN - A High Speed, Free VPN",5000000,4.558006175562418,4534,3508,555,204,27,240
2019-05-23T20:00,"Best Free VPN - A High Speed, Free VPN",5000000,4.559531282695125,4779,3698,586,216,29,250
2019-05-24T20:00,"Best Free VPN - A High Speed, Free VPN",5000000,4.56045061355864,4971,3847,610,225,31,258
2019-05-25T20:00,"Best Free VPN - A High Speed, Free VPN",5000000,4.562026790914386,5151,3987,633,234,33,264
2019-05-26T20:00,"Best Free VPN - A High Speed, Free VPN",5000000,4.562719379272123,5413,4190,666,246,35,276
2019-05-27T20:00,"Best Free VPN - A High Speed, Free VPN",5000000,4.56359102244389,5614,4346,691,256,37,284
2019-05-28T20:00,"Best Free VPN - A High Speed, Free VPN",5000000,4.5643939393939394,5808,4497,715,265,39,292
2019-05-29T20:00,"Best Free VPN - A High Speed, Free VPN",5000000,4.565375103050289,6065,4697,747,277,41,303
2019-05-30T20:00,"Best Free VPN - A High Speed, Free VPN",5000000,4.566490189971971,6422,4974,792,294,44,318
2019-05-31T20:00,"Best Free VPN - A High Speed, Free VPN",5000000,4.567717454757735,6852,5308,846,314,48,336
2019-06-01T20:00,"Best Free VPN - A High Speed, Free VPN",5000000,4.568288636991983,7234,5604,894,332,51,353
2019-06-02T20:00,"Best Free VPN - A High Speed, Free VPN",5000000,4.569168935563335,7713,5976,954,354,55,374
2019-06-03T20:00,"Best Free VPN - A High Speed, Free VPN",5000000,4.569714964370546,8420,6524,1042,387,61,406
2019-06-04T20:00,"Best Free VPN - A High Speed, Free VPN",5000000,4.570249776984835,8968,6949,1110,413,66,430
2019-06-05T20:00,"Best Free VPN - A High Speed, Free VPN",5000000,4.570415078356628,9444,7318,1169,435,70,452
2019-06-06T20:00,"Best Free VPN - A High Speed, Free VPN",5000000,4.570813732359123,9991,7742,1237,461,75,476
2019-06-07T20:00,"Best Free VPN - A High Speed, Free VPN",5000000,4.571177015755329,10790,8362,1336,498,81,513
2019-06-08T20:00,"Best Free VPN - A High Speed, Free VPN",5000000,4.5716130142881735,11618,9004,1439,537,88,550
2019-06-09T20:00,"Best Free VPN - A High Speed, Free VPN",5000000,4.572253395137025,12297,9531,1524,569,94,579
2019-06-10T20:00,"Best Free VPN - A High Speed, Free VPN",5000000,4.572435152922957,12915,10010,1601,598,99,607
2019-06-11T20:00,"Best Free VPN - A High Speed, Free VPN",5000000,4.572964669738863,13671,10597,1695,634,105,640
2019-06-12T20:00,"Best Free VPN - A High Speed, Free VPN",5000000,4.5732684798246215,14597,11315,1810,678,113,681
2019-05-16T20:00,Wild VPN 2019/ Free Proxy Network,50000,4.532824427480916,7205,5750,562,334,100,459
2019-05-17T20:00,Wild VPN 2019/ Free Proxy Network,50000,4.533259423503326,7216,5759,563,335,101,458
2019-05-18T20:00,Wild VPN 2019/ Free Proxy Network,50000,4.533693095336931,7227,5768,564,336,102,457
2019-05-19T20:00,Wild VPN 2019/ Free Proxy Network,50000,4.534668508287293,7240,5779,566,337,103,455
2019-05-20T20:00,Wild VPN 2019/ Free Proxy Network,50000,4.535345183960314,7257,5793,568,338,104,454
2019-05-21T20:00,Wild VPN 2019/ Free Proxy Network,50000,4.535954901691187,7273,5806,570,339,105,453
2019-05-22T20:00,Wild VPN 2019/ Free Proxy Network,50000,4.536689068714854,7291,5821,572,340,106,452
2019-05-23T20:00,Wild VPN 2019/ Free Proxy Network,50000,4.537356321839081,7308,5835,574,341,107,451
2019-05-24T20:00,Wild VPN 2019/ Free Proxy Network,50000,4.53795740032769,7324,5848,576,342,108,450
2019-05-25T20:00,Wild VPN 2019/ Free Proxy Network,50000,4.538975197601526,7338,5860,578,343,109,448
2019-05-26T20:00,Wild VPN 2019/ Free Proxy Network,50000,4.539632902787219,7355,5874,580,344,110,447
2019-05-27T20:00,Wild VPN 2019/ Free Proxy Network,50000,4.540452635858517,7379,5894,582,346,111,446
2019-05-28T20:00,Wild VPN 2019/ Free Proxy Network,50000,4.541255908170156,7405,5915,585,348,112,445
2019-05-29T20:00,Wild VPN 2019/ Free Proxy Network,50000,4.542025862068965,7424,5931,587,349,113,444
2019-05-30T20:00,Wild VPN 2019/ Free Proxy Network,50000,4.542941492216855,7452,5954,590,351,114,443
2019-05-31T20:00,Wild VPN 2019/ Free Proxy Network,50000,4.543911241812592,7481,5978,593,353,115,442
2019-06-01T20:00,Wild VPN 2019/ Free Proxy Network,50000,4.544379484453893,7526,6014,597,356,116,443
2019-06-02T20:00,Wild VPN 2019/ Free Proxy Network,50000,4.544962366301334,7573,6052,601,359,117,444
2019-06-03T20:00,Wild VPN 2019/ Free Proxy Network,50000,4.54584866001051,7612,6084,605,361,118,444
2019-06-04T20:00,Wild VPN 2019/ Free Proxy Network,50000,4.546640574037834,7665,6127,610,364,119,445
2019-06-05T20:00,Wild VPN 2019/ Free Proxy Network,50000,4.547523600155179,7733,6182,616,368,121,446
2019-06-06T20:00,Wild VPN 2019/ Free Proxy Network,100000,4.548391231893347,7801,6237,622,372,123,447
2019-06-07T20:00,Wild VPN 2019/ Free Proxy Network,100000,4.548645555131629,7863,6287,627,375,124,450
2019-06-08T20:00,Wild VPN 2019/ Free Proxy Network,100000,4.548895899053628,7925,6337,632,378,125,453
2019-06-09T20:00,Wild VPN 2019/ Free Proxy Network,100000,4.5491423563290345,7987,6387,637,381,126,456
2019-06-10T20:00,Wild VPN 2019/ Free Proxy Network,100000,4.549714143673875,8046,6435,642,384,127,458
2019-06-11T20:00,Wild VPN 2019/ Free Proxy Network,100000,4.550556242274413,8090,6471,646,387,128,458
2019-06-12T20:00,Wild VPN 2019/ Free Proxy Network,100000,4.551360627604805,8158,6526,652,391,130,459
2019-05-16T20:00,"Secure VPN – A high speed, ultra secure VPN",9900000,4.7606348482645044,254423,225142,15748,4490,0,9043
2019-05-17T20:00,"Secure VPN – A high speed, ultra secure VPN",9900000,4.760649039498398,255023,225673,15786,4501,0,9063
2019-05-18T20:00,"Secure VPN – A high speed, ultra secure VPN",9900000,4.760662115827214,255484,226081,15815,4510,0,9078
2019-05-19T20:00,"Secure VPN – A high speed, ultra secure VPN",9900000,4.760670672156636,255982,226522,15846,4519,0,9095
2019-05-20T20:00,"Secure VPN – A high speed, ultra secure VPN",9900000,4.760679960057417,256368,226864,15870,4526,0,9108
2019-05-21T20:00,"Secure VPN – A high speed, ultra secure VPN",9900000,4.7606954787648395,256744,227197,15894,4533,0,9120
2019-05-22T20:00,"Secure VPN – A high speed, ultra secure VPN",9950000,4.760713285407525,257064,227481,15914,4539,0,9130
2019-05-23T20:00,"Secure VPN – A high speed, ultra secure VPN",9950000,4.760726874215474,257321,227709,15930,4544,0,9138
2019-05-24T20:00,"Secure VPN – A high speed, ultra secure VPN",9950000,4.760744957873944,257679,228026,15953,4551,0,9149
2019-05-25T20:00,"Secure VPN – A high speed, ultra secure VPN",9950000,4.760763288991501,258146,228440,15982,4560,0,9164
2019-05-26T20:00,"Secure VPN – A high speed, ultra secure VPN",9950000,4.760783965191451,258787,229008,16022,4572,0,9185
2019-05-27T20:00,"Secure VPN – A high speed, ultra secure VPN",9950000,4.760795894841951,259381,229534,16059,4583,0,9205
2019-05-28T20:00,"Secure VPN – A high speed, ultra secure VPN",9950000,4.760806018600429,259994,230077,16097,4594,0,9226
2019-05-29T20:00,"Secure VPN – A high speed, ultra secure VPN",9950000,4.760828906723082,260922,230899,16155,4611,0,9257
2019-05-30T20:00,"Secure VPN – A high speed, ultra secure VPN",9950000,4.760841561261271,261609,231507,16198,4624,0,9280
2019-05-31T20:00,"Secure VPN – A high speed, ultra secure VPN",9950000,4.760853060679473,262115,231955,16230,4633,0,9297
2019-06-01T20:00,"Secure VPN – A high speed, ultra secure VPN",9950000,4.760868158512772,262717,232488,16268,4644,0,9317
2019-06-02T20:00,"Secure VPN – A high speed, ultra secure VPN",9950000,4.76089530938048,263462,233148,16315,4658,0,9341
2019-06-03T20:00,"Secure VPN – A high speed, ultra secure VPN",9950000,4.760905852918132,264193,233795,16361,4671,0,9366
2019-06-04T20:00,"Secure VPN – A high speed, ultra secure VPN",10000000,4.760917849802968,265185,234673,16423,4689,0,9400
2019-06-05T20:00,"Secure VPN – A high speed, ultra secure VPN",10000000,4.760929274863513,266143,235521,16483,4706,0,9433
2019-06-06T20:00,"Secure VPN – A high speed, ultra secure VPN",10000000,4.760937096006625,266867,236162,16528,4719,0,9458
2019-06-07T20:00,"Secure VPN – A high speed, ultra secure VPN",10000000,4.76094790911198,267494,236717,16567,4731,0,9479
2019-06-08T20:00,"Secure VPN – A high speed, ultra secure VPN",10000000,4.7609695894047634,268196,237339,16611,4744,0,9502
2019-06-09T20:00,"Secure VPN – A high speed, ultra secure VPN",10000000,4.760985958928286,269139,238174,16670,4761,0,9534
2019-06-10T20:00,"Secure VPN – A high speed, ultra secure VPN",10000000,4.761006452473695,269819,238776,16713,4774,0,9556
2019-06-11T20:00,"Secure VPN – A high speed, ultra secure VPN",10000000,4.761014755371473,270410,239299,16750,4785,0,9576
2019-06-12T20:00,"Secure VPN – A high speed, ultra secure VPN",10000000,4.761038271905194,271374,240153,16810,4803,0,9608
2019-06-13T20:00,Free Secure VPN - Unlimited fast proxy VPN,50000,4.632483005523682,1921,1588,175,79,16,64
2019-06-13T20:00,Wild VPN 2019/ Free Proxy Network,100000,4.519684314727783,8230,6584,658,395,132,461
2019-06-13T20:00,Xiaoming VPN - Simple Free Unlimited & Safe,500000,4.806420803070068,24982,22919,1375,229,0,458
2019-06-13T20:00,"Secure VPN – A high speed, ultra secure VPN",10000000,4.72156286239624,272417,241077,16875,4822,0,9643
2019-06-13T20:00,Turbo VPN- Free Proxy Server & Secure VPN Service,50000000,4.644926071166992,2754589,2295491,252504,91820,22955,91820
2019-06-13T20:00,Unlimited Free VPN Monster - Fast Secure VPN Proxy,5000000,4.679689407348633,259317,217913,23970,8717,2179,6537
2019-06-13T20:00,Free VPN & security unblock Proxy -Snap Master VPN,50000000,4.655152797698975,1440081,1200068,132007,48003,12001,48003
2019-06-13T20:00,"Best Free VPN - A High Speed, Free VPN",5000000,4.5386247634887695,15573,12072,1932,724,121,724
2019-06-13T20:00,Free VPN Unlimited Proxy - Proxy Master,10000000,4.6125006675720215,262434,222402,17792,8896,2224,11120
2019-06-13T20:00,Power VPN Free VPN,1000000,4.471470355987549,70418,55887,5030,3353,1118,5030
2019-06-13T20:00,UFO VPN Basic: Free VPN Proxy & Secure WiFi Master,1000000,4.40219259262085,47798,37053,3705,1853,741,4446
2019-06-13T20:00,KeepSolid VPN Unlimited | Free VPN for Android,1000000,4.211855411529541,15605,10403,2081,1040,520,1560
2019-06-14T20:00,Free Secure VPN - Unlimited fast proxy VPN,50000,4.632917881011963,1926,1592,175,80,16,64
2019-06-14T20:00,Wild VPN 2019/ Free Proxy Network,100000,4.5180463790893555,8312,6650,665,399,133,465
2019-06-14T20:00,Xiaoming VPN - Simple Free Unlimited & Safe,500000,4.806626319885254,25081,23010,1381,230,0,460
2019-06-14T20:00,"Secure VPN – A high speed, ultra secure VPN",10000000,4.721245765686035,273915,242403,16968,4848,0,9696
2019-06-14T20:00,Turbo VPN- Free Proxy Server & Secure VPN Service,50000000,4.644885540008545,2763760,2303134,253345,92125,23031,92125
2019-06-14T20:00,Unlimited Free VPN Monster - Fast Secure VPN Proxy,5000000,4.679559707641602,259908,218410,24025,8736,2184,6552
2019-06-14T20:00,Free VPN & security unblock Proxy -Snap Master VPN,50000000,4.65513801574707,1442588,1202157,132237,48086,12022,48086
2019-06-14T20:00,"Best Free VPN - A High Speed, Free VPN",5000000,4.532805442810059,16293,12630,2021,758,126,758
2019-06-14T20:00,Free VPN Unlimited Proxy - Proxy Master,10000000,4.612194538116455,263008,222888,17831,8916,2229,11144
2019-06-14T20:00,Power VPN Free VPN,1000000,4.470302581787109,71016,56362,5073,3382,1127,5073
2019-06-14T20:00,UFO VPN Basic: Free VPN Proxy & Secure WiFi Master,1000000,4.400561332702637,48115,37298,3730,1865,746,4476
2019-06-14T20:00,KeepSolid VPN Unlimited | Free VPN for Android,1000000,4.21179723739624,15614,10409,2082,1041,520,1561
2019-06-15T20:00,Free Secure VPN - Unlimited fast proxy VPN,50000,4.632917881011963,1926,1592,175,80,16,64
2019-06-15T20:00,Wild VPN 2019/ Free Proxy Network,100000,4.517730712890625,8319,6655,666,399,133,466
2019-06-15T20:00,Xiaoming VPN - Simple Free Unlimited & Safe,500000,4.806708812713623,25102,23029,1382,230,0,461
2019-06-15T20:00,"Secure VPN – A high speed, ultra secure VPN",10000000,4.721181869506836,274125,242589,16981,4852,0,9704
2019-06-15T20:00,Turbo VPN- Free Proxy Server & Secure VPN Service,50000000,4.644885540008545,2763760,2303134,253345,92125,23031,92125
2019-06-15T20:00,Unlimited Free VPN Monster - Fast Secure VPN Proxy,5000000,4.679503917694092,259947,218443,24029,8738,2184,6553
2019-06-15T20:00,Free VPN & security unblock Proxy -Snap Master VPN,50000000,4.655135631561279,1442771,1202309,132254,48092,12023,48092
2019-06-15T20:00,"Best Free VPN - A High Speed, Free VPN",5000000,4.531919956207275,16463,12762,2042,766,128,766
2019-06-15T20:00,Free VPN Unlimited Proxy - Proxy Master,10000000,4.612044811248779,263149,223008,17841,8920,2230,11150
2019-06-15T20:00,Power VPN Free VPN,1000000,4.470230579376221,71029,56372,5074,3382,1127,5074
2019-06-15T20:00,UFO VPN Basic: Free VPN Proxy & Secure WiFi Master,1000000,4.401124477386475,48384,37507,3751,1875,750,4501
2019-06-15T20:00,KeepSolid VPN Unlimited | Free VPN for Android,1000000,4.21179723739624,15614,10409,2082,1041,520,1561
2019-06-16T20:00,Free Secure VPN - Unlimited fast proxy VPN,50000,4.633108615875244,1927,1593,175,80,16,64
2019-06-16T20:00,Wild VPN 2019/ Free Proxy Network,100000,4.5139851570129395,8366,6693,669,402,134,468
2019-06-16T20:00,Xiaoming VPN - Simple Free Unlimited & Safe,500000,4.80717134475708,25183,23104,1386,231,0,462
2019-06-16T20:00,"Secure VPN – A high speed, ultra secure VPN",10000000,4.720795631408691,274892,243267,17029,4865,0,9731
2019-06-16T20:00,Turbo VPN- Free Proxy Server & Secure VPN Service,50000000,4.644458293914795,2770126,2308439,253928,92338,23084,92338
2019-06-16T20:00,Unlimited Free VPN Monster - Fast Secure VPN Proxy,5000000,4.678987979888916,260445,218861,24075,8754,2189,6566
2019-06-16T20:00,Free VPN & security unblock Proxy -Snap Master VPN,50000000,4.655145645141602,1444467,1203723,132409,48149,12037,48149
2019-06-16T20:00,"Best Free VPN - A High Speed, Free VPN",5000000,4.526808261871338,17308,13314,2130,799,133,932
2019-06-16T20:00,Free VPN Unlimited Proxy - Proxy Master,10000000,4.611793041229248,263527,223328,17866,8933,2233,11166
2019-06-16T20:00,Power VPN Free VPN,1000000,4.470043659210205,71387,56656,5099,3399,1133,5099
2019-06-16T20:00,UFO VPN Basic: Free VPN Proxy & Secure WiFi Master,1000000,4.40031623840332,48674,37732,3773,1887,755,4528
2019-06-16T20:00,KeepSolid VPN Unlimited | Free VPN for Android,1000000,4.211409091949463,15619,10413,2083,1041,521,1562
2019-06-17T20:00,Free Secure VPN - Unlimited fast proxy VPN,50000,4.630108833312988,1933,1598,176,80,16,64
2019-06-17T20:00,Wild VPN 2019/ Free Proxy Network,100000,4.510799884796143,8426,6741,674,404,135,472
2019-06-17T20:00,Xiaoming VPN - Simple Free Unlimited & Safe,500000,4.8068413734436035,25228,23145,1389,231,0,463
2019-06-17T20:00,"Secure VPN – A high speed, ultra secure VPN",10000000,4.720632553100586,275501,243806,17066,4876,0,9752
2019-06-17T20:00,Turbo VPN- Free Proxy Server & Secure VPN Service,50000000,4.644105434417725,2775703,2313086,254439,92523,23131,92523
2019-06-17T20:00,Unlimited Free VPN Monster - Fast Secure VPN Proxy,5000000,4.67877197265625,260634,219020,24092,8761,2190,6571
2019-06-17T20:00,Free VPN & security unblock Proxy -Snap Master VPN,50000000,4.655056953430176,1445595,1204663,132513,48187,12047,48187
2019-06-17T20:00,"Best Free VPN - A High Speed, Free VPN",5000000,4.529455184936523,17705,13619,2179,817,136,953
2019-06-17T20:00,Free VPN Unlimited Proxy - Proxy Master,10000000,4.611440181732178,264101,223814,17905,8953,2238,11191
2019-06-17T20:00,Power VPN Free VPN,1000000,4.469334602355957,71791,56977,5128,3419,1140,5128
2019-06-17T20:00,UFO VPN Basic: Free VPN Proxy & Secure WiFi Master,1000000,4.399255752563477,48921,37923,3792,1896,758,4551
2019-06-17T20:00,KeepSolid VPN Unlimited | Free VPN for Android,1000000,4.21117639541626,15622,10415,2083,1041,521,1562
2019-06-18T20:00,Free Secure VPN - Unlimited fast proxy VPN,50000,4.630681991577148,1936,1600,176,80,16,64
2019-06-18T20:00,Wild VPN 2019/ Free Proxy Network,100000,4.510859489440918,8472,6778,678,407,136,474
2019-06-18T20:00,Xiaoming VPN - Simple Free Unlimited & Safe,500000,4.806463241577148,25282,23194,1392,232,0,464
2019-06-18T20:00,"Secure VPN – A high speed, ultra secure VPN",10000000,4.719940662384033,276420,244619,17123,4892,0,9785
2019-06-18T20:00,Turbo VPN- Free Proxy Server & Secure VPN Service,50000000,4.643691539764404,2782640,2318867,255075,92755,23189,92755
2019-06-18T20:00,Unlimited Free VPN Monster - Fast Secure VPN Proxy,5000000,4.678121089935303,261179,219478,24143,8779,2195,6584
2019-06-18T20:00,Free VPN & security unblock Proxy -Snap Master VPN,50000000,4.654970645904541,1446700,1205583,132614,48223,12056,48223
2019-06-18T20:00,"Best Free VPN - A High Speed, Free VPN",5000000,4.527075290679932,17950,13808,2209,828,138,967
2019-06-18T20:00,Free VPN Unlimited Proxy - Proxy Master,10000000,4.611179351806641,264600,224237,17939,8969,2242,11212
2019-06-18T20:00,Power VPN Free VPN,1000000,4.468766212463379,72198,57300,5157,3438,1146,5157
2019-06-18T20:00,UFO VPN Basic: Free VPN Proxy & Secure WiFi Master,1000000,4.398317337036133,49084,38050,3805,1902,761,4566
2019-06-18T20:00,KeepSolid VPN Unlimited | Free VPN for Android,1000000,4.210698127746582,15629,10419,2084,1042,521,1563
2019-06-19T20:00,Free Secure VPN - Unlimited fast proxy VPN,50000,4.627450942993164,1938,1602,176,80,16,64
2019-06-19T20:00,Wild VPN 2019/ Free Proxy Network,100000,4.510717868804932,8537,6830,683,410,137,478
2019-06-19T20:00,Xiaoming VPN - Simple Free Unlimited & Safe,500000,4.80668830871582,25327,23236,1394,232,0,465
2019-06-19T20:00,"Secure VPN – A high speed, ultra secure VPN",10000000,4.719666957855225,277206,245315,17172,4906,0,9813
2019-06-19T20:00,Turbo VPN- Free Proxy Server & Secure VPN Service,50000000,4.643501281738281,2786895,2322413,255465,92897,23224,92897
2019-06-19T20:00,Unlimited Free VPN Monster - Fast Secure VPN Proxy,5000000,4.677917003631592,261442,219699,24167,8788,2197,6591
2019-06-19T20:00,Free VPN & security unblock Proxy -Snap Master VPN,50000000,4.654804229736328,1448465,1207054,132776,48282,12071,48282
2019-06-19T20:00,"Best Free VPN - A High Speed, Free VPN",5000000,4.525428295135498,18267,14052,2248,843,141,984
2019-06-19T20:00,Free VPN Unlimited Proxy - Proxy Master,10000000,4.611009120941162,264870,224466,17957,8979,2245,11223
2019-06-19T20:00,Power VPN Free VPN,1000000,4.468218803405762,72464,57511,5176,3451,1150,5176
2019-06-19T20:00,UFO VPN Basic: Free VPN Proxy & Secure WiFi Master,1000000,4.397353172302246,49266,38191,3819,1910,764,4583
2019-06-19T20:00,KeepSolid VPN Unlimited | Free VPN for Android,1000000,4.210607051849365,15631,10421,2084,1042,521,1563
